Date,Net_Stock_Millions_USD
1945-10-01,4312
1946-10-01,4848
1947-10-01,6161
1948-10-01,8285
1949-10-01,9471
1950-10-01,11326
1951-10-01,12484
1952-01-01,12756
1952-04-01,13060
1952-07-01,13128
1952-10-01,13286
1953-01-01,13423
1953-04-01,13622
1953-07-01,13827
1953-10-01,13907
1954-01-01,14041
1954-04-01,14156
1954-07-01,13889
1954-10-01,13824
1955-01-01,13747
1955-04-01,13890
1955-07-01,14244
1955-10-01,14620
1956-01-01,14696
1956-04-01,14703
1956-07-01,14819
1956-10-01,14812
1957-01-01,15068
1957-04-01,15038
1957-07-01,15168
1957-10-01,15450
1958-01-01,15521
1958-04-01,15725
1958-07-01,15859
1958-10-01,16016
1959-01-01,16186
1959-04-01,16341
1959-07-01,16472
1959-10-01,16520
1960-01-01,16554
1960-04-01,16670
1960-07-01,16695
1960-10-01,16675
1961-01-01,16637
1961-04-01,16640
1961-07-01,16657
1961-10-01,16713
1962-01-01,16799
1962-04-01,16898
1962-07-01,17008
1962-10-01,17077
1963-01-01,17213
1963-04-01,17367
1963-07-01,17580
1963-10-01,17789
1964-01-01,18003
1964-04-01,18207
1964-07-01,18397
1964-10-01,18602
1965-01-01,18963
1965-04-01,19296
1965-07-01,19745
1965-10-01,20060
1966-01-01,20431
1966-04-01,20893
1966-07-01,21346
1966-10-01,21924
1967-01-01,22360
1967-04-01,22817
1967-07-01,23260
1967-10-01,23697
1968-01-01,24018
1968-04-01,24368
1968-07-01,24694
1968-10-01,25090
1969-01-01,25418
1969-04-01,25781
1969-07-01,26259
1969-10-01,26751
1970-01-01,27283
1970-04-01,27804
1970-07-01,28291
1970-10-01,28826
1971-01-01,29440
1971-04-01,29942
1971-07-01,30288
1971-10-01,30608
1972-01-01,31111
1972-04-01,31555
1972-07-01,31953
1972-10-01,32371
1973-01-01,33410
1973-04-01,34793
1973-07-01,36129
1973-10-01,37214
1974-01-01,38904
1974-04-01,41021
1974-07-01,43854
1974-10-01,47172
1975-01-01,49668
1975-04-01,51640
1975-07-01,52857
1975-10-01,54057
1976-01-01,55822
1976-04-01,57241
1976-07-01,58834
1976-10-01,60596
1977-01-01,62377
1977-04-01,64069
1977-07-01,65849
1977-10-01,67754
1978-01-01,69696
1978-04-01,71789
1978-07-01,73940
1978-10-01,76196
1979-01-01,79684
1979-04-01,83178
1979-07-01,86524
1979-10-01,89637
1980-01-01,92797
1980-04-01,95455
1980-07-01,97700
1980-10-01,99354
1981-01-01,102421
1981-04-01,105486
1981-07-01,107770
1981-10-01,109757
1982-01-01,110710
1982-04-01,111756
1982-07-01,111976
1982-10-01,111913
1983-01-01,111254
1983-04-01,110362
1983-07-01,109516
1983-10-01,109260
1984-01-01,108492
1984-04-01,107962
1984-07-01,107285
1984-10-01,106585
1985-01-01,105327
1985-04-01,104168
1985-07-01,103057
1985-10-01,102215
1986-01-01,101095
1986-04-01,100760
1986-07-01,100418
1986-10-01,99660
1987-01-01,98643
1987-04-01,97207
1987-07-01,95919
1987-10-01,96075
1988-01-01,95906
1988-04-01,95748
1988-07-01,95647
1988-10-01,96571
1989-01-01,96946
1989-04-01,97162
1989-07-01,97927
1989-10-01,98649
1990-01-01,99379
1990-04-01,99737
1990-07-01,100650
1990-10-01,101722
1991-01-01,102869
1991-04-01,102830
1991-07-01,102635
1991-10-01,102678
1992-01-01,102880
1992-04-01,102252
1992-07-01,101877
1992-10-01,101307
1993-01-01,101414
1993-04-01,101599
1993-07-01,101896
1993-10-01,102506
1994-01-01,103647
1994-04-01,104651
1994-07-01,105323
1994-10-01,105725
1995-01-01,106839
1995-04-01,108542
1995-07-01,109680
1995-10-01,110585
1996-01-01,111176
1996-04-01,111640
1996-07-01,112892
1996-10-01,114273
1997-01-01,115375
1997-04-01,116908
1997-07-01,118835
1997-10-01,120190
1998-01-01,121609
1998-04-01,123200
1998-07-01,124696
1998-10-01,125845
1999-01-01,126513
1999-04-01,126294
1999-07-01,125875
1999-10-01,126080
2000-01-01,126184
2000-04-01,126363
2000-07-01,126749
2000-10-01,126791
2001-01-01,126767
2001-04-01,127404
2001-07-01,127950
2001-10-01,128977
2002-01-01,129882
2002-04-01,131127
2002-07-01,131553
2002-10-01,133036
2003-01-01,133847
2003-04-01,135210
2003-07-01,136399
2003-10-01,138879
2004-01-01,141014
2004-04-01,144281
2004-07-01,146343
2004-10-01,149409
2005-01-01,152634
2005-04-01,154934
2005-07-01,155946
2005-10-01,157361
2006-01-01,158842
2006-04-01,160015
2006-07-01,162023
2006-10-01,163865
2007-01-01,166267
2007-04-01,168564
2007-07-01,169907
2007-10-01,171210
2008-01-01,172513
2008-04-01,174034
2008-07-01,177917
2008-10-01,184471
2009-01-01,186502
2009-04-01,188128
2009-07-01,189299
2009-10-01,189644
2010-01-01,189063
2010-04-01,190823
2010-07-01,193420
2010-10-01,196077
2011-01-01,198455
2011-04-01,201744
2011-07-01,204761
2011-10-01,208802
2012-01-01,212661
2012-04-01,216490
2012-07-01,221287
2012-10-01,226601
2013-01-01,232391
2013-04-01,238100
2013-07-01,244110
2013-10-01,249859
2014-01-01,255699
2014-04-01,262376
2014-07-01,268253
2014-10-01,272803
2015-01-01,275712
2015-04-01,276765
2015-07-01,276274
2015-10-01,275636
2016-01-01,274479
2016-04-01,272861
2016-07-01,271387
2016-10-01,270425
2017-01-01,269930
2017-04-01,269153
2017-07-01,268481
2017-10-01,267876
2018-01-01,267992
2018-04-01,268066
2018-07-01,269437
2018-10-01,269576
2019-01-01,270204
2019-04-01,270824
2019-07-01,270863
2019-10-01,270424
2020-01-01,271662
2020-04-01,272370
2020-07-01,272859
2020-10-01,273209
2021-01-01,280533
2021-04-01,284590
2021-07-01,294055
2021-10-01,303372
2022-01-01,311570
2022-04-01,320947
2022-07-01,328284
2022-10-01,334981
2023-01-01,340282
2023-04-01,339961
2023-07-01,341239
2023-10-01,341341
2024-01-01,343455
2024-04-01,344472
2024-07-01,345968
2024-10-01,346207
2025-01-01,347929
2025-04-01,352247
2025-07-01,358769
